label,seq
IMMUNE SYSTEM,LTKCQEEVSHIPAVHPGSFRPKCDENGNYLPLQCYGSIGYCWCVFPNGTEVPNTRSRGHHNCSES
IMMUNE SYSTEM,GPSVFLFPPKPKDTLMISRTPEVTCVVVDVSHEDPEVKFNWYVDGVEVHNAKTKPREEQYNSTYRVVSVLTVLHQDWLNGKEYKCKVSNKALPAPIEKTISKAKGQPREPQVYTLPPSRDELTKNQVSLTCLVKGFYPSDIAVEWESNGQPENNYKTTPPVLDSDGSFFLYSKLTVDKSRWQQGNVFSCSVMHEALHNHYTQKSLSL
IMMUNE SYSTEM,FNMQCQRRFYEALHDPNLNEEQRNAKIKSIRDDC
IMMUNE SYSTEM,EVQLVESGGGLVQPGGSLRLSCAASGFTFTDYTMDWVRQAPGKGLEWVADVNPNSGGSIYNQRFKGRFTLSVDRSKNTLYLQMNSLRAEDTAVYYCARNLGPSFYFDYWGQGTLVTVSSASTKGPSVFPLAPSSKSTSGGTAALGCLVKDYFPEPVTVSWNSGALTSGVHTFPAVLQSSGLYSLSSVVTVPSSSLGTQTYICNVNHKPSNTKVDKKVEPKSC
IMMUNE SYSTEM,DIQMTQSPSSLSASVGDRVTITCKASQDVSIGVAWYQQKPGKAPKLLIYSASYRYTGVPSRFSGSGSGTDFTLTISSLQPEDFATYYCQQYYIYPYTFGQGTKVEIKRTVAAPSVFIFPPSDEQLKSGTASVVCLLNNFYPREAKVQWKVDNALQSGNSQESVTEQDSKDSTYSLSSTLTLSKADYEKHKVYACEVTHQGLSSPVTKSFNRGEC
IMMUNE SYSTEM,EVKLVESGGGLVKPGGSLKLSCAASGFTFSRYALSWVRQTADKRLEWVASIVSGGNTYYSGSVKGRFTISRDIARNILYLQMSSLRSEDTAMYYCARAYYGYVGLVHWGQGTLVTVSSAKTTPPSVYPLAPGSAAQTNSMVTLGCLVKGYFPEPVTVTWNSGSLSSGVHTFPAVLQSDLYTLSSSVTVPSSTWPSETVTCNVAHPASSTKVDKKIVPRDCG
IMMUNE SYSTEM,DVVVTQTPLSLPVSLGDQASISCRSSEVIVTRNGYTPIEWYLQKPGQSPKLLIYKAYKRFPGVPDRFSGSGSGTDFTLKISRVEAEDLGVYYCFDGSTVPPKFGGGTKLEIKRADAAPTVSIFPPSSEQLTSGGASVVCFLNNFYPKDINVKWKIDGSERQNGVLNSWTDQDSKDSTYSMSSTLTLTKDEYERHNSYTCEATHKTSTSPIVKSFNRDEC
IMMUNE SYSTEM,MRGSHHHHHHGSSQVADKDDPTNKFYQSVIQLGNGFLDVFTSFGGLVAEAFGFKSDPKKSDVKTYFTTVAAKLEKTKTDLNSLPKEKSDISSTTGKPDSTGSVGTAVEGAIKEVSELLDKLVKAVKTAEGASSGTAAIGEVVADADAAKVADKASVKGIAKGIKEIVEAAGGSEKLKAVAAAKGENNKGAGKLFGKAGAAAHGDSEAASKAAGAVSAVSGEQILSAIVTAADAAEQDGKKPEEAKNPIAAAIGDKDGGAEFGQDEMKKDDQIAAAIALRGMAKDGKFAVKDGEKEKAEGAIKGAAESAVRKVLGAITGLIGDAVSSGLRKVGDSVKAASKETPPALNK
VIRUS,MNRGFFNMLGRRPFPAPTAMWRPRRRRQAAPMPARNGLASQIQQLTTAVSALVIGQATRPQPPRPRPPPRQKKQAPKQPPKPKKPKTQEKKKKQPAKPKPGKRQRMALKLEADRLFDVKNEDGDVIGHALAMEGKVMKPLHVKGTIDHPVLSKLKFTKSSAYDMEFAQLPVNMRSEAFTYTSEHPEGFYNWHHGAVQYSGGRFTIPRGVGGRGDSGRPIMDNSGRVVAIVLGGADEGTRTALSVVTWNSKGKTIKTTPEGTEEW
VIRUS,SDPAALKRARNTEAARRSRARKLQRMKQLEDKVEELLSKNYHLENEVARLKKLVGER
VIRUS,YEHATTVPNVPQIPYKALVERAGYAPLNLEITVMSSEVLPSTNQEYITCKFTTVVPSPKIKCCGSLECQPAAHADYTCKVFGGVYPFMWGGAQCFCDSENSQMSEAYVELSADCASDHAQAIKVHTAAMKVGLRIVYGNTTSFLDVYVNGVTPGTSKDLKVIAGPISASFTPFDHKVVIHRGLVYNYDFPEYGAMKPGAFGDIQATSLTSKDLIASTDIRLLKPSAKNVHVPYTQASSGFEMWKNNSGRPLQETAPFGCKIAVNPLRAVDCSYGNIPISIDIPNAAFIRTSDAPLVSTVKCEVSECTYSADFGGMATLQYVSDREGQCPVHSHSSTATLQESTVHVLEKGAVTVHFSTASPQANFIVSLCGKKTTCNAECKPPADHIVSTPHKNDQEFQAAISKTSWSWLFALFGGASSLLIIGLMIFACSMMLTSTRR
IMMUNE SYSTEM,EQYKFYSV
IMMUNE SYSTEM,GPHSLRYFVTAVSRPGLGEPRYMEVGYVDDTEFVRFDSDAENPRYEPRARWMEQEGPEYWERETQKAKGNEQSFRVSLRTLLGYYNQSAGGSHTIQVISGCEVGSDGRLLRGYQQYAYDGCDYIALNEDLKTWTAADMAALITKHKWEQAGEAERLRAYLEGTCVEWLRRYLKNGNATLLRTDSPKAHVTHHSRPEDKVTLRCWALGFYPADITLTWQLNGEELIQDMELVETRPAGDGTFQKWASVVVPLGKEQYYTCHVYHQGLPEPLTLRW
IMMUNE SYSTEM,PMFIVNTNVPRASVPDGFLSELTQQLAQATGKPPQYIAVHVVPDQLMAFGGSSEPCALCSLHSIGKIGGAQNRSYSKLLCGLLAERLRISPDRVYINYYDMNAANVGWNNSTFA
IMMUNE SYSTEM,GNYSFYAL
IMMUNE SYSTEM,MSENSCTHFPGNLPNMLRDLRDAFSRVKTFFQMKDQLDNLLLKESLLEDFKGYLGCQALSEMIQFYLEEVMPQAENQDPDIKAHVNSLGENLKTLRLRLRRCHRFLPCENGGGSGGKSKAVEQVKNAFNKLQEKGIYKAMSEFDIFINYIEAYMTMKIRN
IMMUNE SYSTEM,QVNLLQSGAALVKPGASVKLSCKASGYTFTDFYIHWVKQSHGKSLEWIGYINPNSGYTNYNEKFKNKATLTVDKSTSTGYMELSRLTSEDSANYSCTRGVPGNNWFPYWGQGTLVTVSSAETTAPSVYPLAPGTALKSNSMVTLGCLVKGYFPEPVTVTWNSGALSSGVHTFPAVLQSGLYTLTSSVTVPSSTWPSQTVTCNVAHPASSTKVDKKIVPR
IMMUNE SYSTEM,DTVLTQPPALTVSPGEKLTISCKASESVTSRMHWYQQKPGQQPKLLIYKASNLASGVPARFSGSGSGTDFTLTIDPVEADDTAIYFCQQSWNGPLTFGAGTKLELKRADAAPTVSIFPPSTEQLATGGASVVCLMNNFYPRDISVKWKIDGTERRDGVLDSVTDQDSKDSTYSMSSTLSLTKADYESHNLYTCEVVHKTSSSPVVKSFNR
IMMUNE SYSTEM,SAYPITGKLGSELTMTDTVGQVVLGWKVSDLKSSTAVIPGYPVAGQVWEATATVNAIRGSVTPAVSQFNARTADGINYRVLWQAAGPDTISGATIPQGEQSTGKIYFDVTGPSPTIVAMNNGMEDLLIWEP
IMMUNE SYSTEM,EVKLVESGGGLVKPGGSLKLSCAASGFSFRNYGMSWVRQTPEKRLEWVASISYGGLIYYPDSIKGRFTISRDIAQNILYLQMSSLRSEDTAMYHCIRGDSFLVWFTFWGQGTLVTVSAAKTTAPSVYPLAPVCGDTTGSSVTLGCLVKGYFPEPVTLTWNSGSLSSGVHTFPAVLQSDLYTLSSSVTVTSSTWPSQSITCNVAHPASSTQVDKKIEPRGP
IMMUNE SYSTEM,DVLMTQTPLSLPVSLGDQVSIFCTSSQTIVHTNGNTYLEWYLQKPGQSPKLLIYKVSNRFSGVPDRFSGSGSGTDFTLKISRVETEDLGIYYCFQGSHFPLAFGAGTKLELKRADAAPTVSIFPPSSEQLTSGGASVVCFLNNFYPKDINVKWKIDGSERQNGVLNSWTDQDSKDSTYSMSSTLTLTKDEYERHNSYTCEATHKTSTSPIVKSFNRNEC
IMMUNE SYSTEM,ELKLVETGGDLVKPGGSLTLSCEASGFTLRTYGMSWVRQTPQMRLEWVASISYGGLLYFSDSVKGRFTISRDIVRNILTLQMSRLRSEDTAIYYCARGTSFVRYFDVWGAGTTVTVSSAKTTAPSVYPLAPVCGDTTGSSVTLGCLVKGYFPEPVTLTWNSGSLSSGVHTFPAVLQSDLYTLSSSVTVTSSTWPSQSITCNVAHPASSTQVDKKIVPRAA
IMMUNE SYSTEM,DVLLTQTPLSLPVSLGDQASISCRSSQTIVHTNGNTYFEWYLQKPGQSPHLLIYKVSNRLSGVPDRFSGSGSGTDFTLKISRVEAEDLGLYYCFQGSHSPWTFGGGTKLELKRADAAPTVSIFPPSSEQLTSGGASVVCFLNNFYPKDINVKWKIDGSERQNGVLNSWTDQDSKDSTYSMSSTLTLTKDEYERHNSYTCEATHKTSTSPIVKSFNRN
VIRUS,GADGVGNSSGNWHCDSTWMGDRVITTSTRTWALPTYNNHLYKQISSQSGASNDNHYFGYSTPWGYFDFNRFHCHFSPRDWQRLINNNWGFRPKRLNFKLFNIQVKEVTQNDGTTTIANNLTSTVQVFTDSEYQLPYVLGSAHQGCLPPFPADVFMVPQYGYLTLNNGSQAVGRSSFYCLEYFPSQMLRTGNNFTFSYTFEDVPFHSSYAHSQSLDRLMNPLIDQYLYYLSRTNTPSGTTTQSRLQFSQAGASDIRDQSRNWLPGPCYRQQRVSKTSADNNNSEYSWTGATKYHLNGRDSLVNPGPAMASHKDDEEKFFPQSGVLIFGKQGSEKTNVDIEKVMITDEEEIRTTNPVATEQYGSVSTNLQRGNRQAATADVNTQGVLPGMVWQDRDVYLQGPIWAKIPHTDGHFHPSPLMGGFGLKHPPPQILIKNTPVPANPSTTFSAAKFASFITQYSTGQVSVEIEWELQKENSKRWNPEIQYTSNYNKSVNVDFTVDTNGVYSEPRPIGTRYLTRNL
IMMUNE SYSTEM,ALWGFFPVL
IMMUNE SYSTEM,MDSVTQTEGLVTLTEGLPVMLNCTYQSTYSPFLFWYVQHLNEAPKLLLKSFTDNKRPEHQGFHATLHKSSSSFHLQKSSAQLSDSALYYCALFLASSSFSKLVFGQGTSLSVVPNIQNPEPAVYQLKDPRSQDSTLCLFTDFDSQINVPKTMESGTFITDKTVLDMKAMDSKSNGAIAWSNQTSFTCQDIFKET
IMMUNE SYSTEM,MEAAVTQSPRSKVAVTGGKVTLSCHQTNNHDYMYWYRQDTGHGLRLIHYSYVADSTEKGDIPDGYKASRPSQENFSLILELASLSQTAVYFCASSDWVSYEQYFGPGTRLTVLEDLRNVTPPKVSLFEPSKAEIANKQKATLVCLARGFFPDHVELSWWVNGKEVHSGVSTDPQAYKESNYSYALSSRLRVSATFWHNPRNHFRCQVQFHGLSEEDKWPEGSPKPVTQNISAEAWGRA
IMMUNE SYSTEM,SEEAKPATTTTIKNTKPQCRPEDYATRLQDLRVTFHRVKPTLQREDDYSVWLDGTVVKGCWGCSVMDWLLRRYLEIVFPAGDHVYPGLKTELHSMRSTLESIYKDMRQCPLLGCGDKSVISRLSQEAERKSDNGTRKGLSELDTLFSRLEEYLHSRK
IMMUNE SYSTEM,HGTELPSPPSVWFEAEFFHHILHWTPIPQQSESTCYEVALLRYGIESWNSISQCSQTLSYDLTAVTLDLYHSNGYRARVRAVDGSRHSQWTVTNTRFSVDEVTLTVGSVNLEIHNGFILGKIQLPRPKMAPAQDTYESIFSHFREYEIAIRKVPGQFTFTHKKVKHEQFSLLTSGEVGEFCVQVKPSVASRSNKGMWSKEECISLTRQYFTVTN
IMMUNE SYSTEM,EASCGSPPPILNGRISYYSTPIAVGTVIRYSCSGTFRLIGEKSLLCITKDKVDGTWDKPAPKCEYFNKYSSCPEPIVPGGYKIRGSTPYRHGDSVTFACKTNFSMNGNKSVWCQANNMWGPTRLPTCVSI
IMMUNE SYSTEM,GSHSMRYFDTAMSRPGRGEPRFISVGYVDDTQFVRFDSDAASPREEPRAPWIEQEGPEYWDRNTQIFKTNTQTDRESLRNLRGYYNQSEAGSHTLQSMYGCDVGPDGRLLRGHNQYAYDGKDYIALNEDLRSWTAADTAAQITQRKWEAARVAEQDRAYLEGTCVEWLRRYLENGKDTLERADPPKTHVTHHPISDHEATLRCWALGFYPAEITLTWQRDGEDQTQDTELVETRPAGDRTFQKWAAVVVPSGEEQRYTCHVQHEGLPKPLTLRWEPS
IMMUNE SYSTEM,FLRGRAYGL
VIRUS,MEQLTKNQRKKRDEIEAGKSYCSRRFGGATCDDKSAQIYARFDKNDWRIQPAEFYRFHDAEVNTFGYF
VIRUS,MSNVQTSAEREIVDLSHLAFDCGMLGRLKTVSWTPVIAGDSFELDAVGALRLSPLRRGLAIDSKVDFFTFYIPHRHVYGDQWIQFMRDGVNAQPLPSVTCNRYPDHAGYVGTIVPANNRIPKFLHQSYLNIYNNYFRAPWMPERTEANPSNLNEDDARYGFRCCHLKNIWSAPLPPETKLAEEMGIESNSIDIMGLQAAYAQLHTEQERTYFMQRYRDVISSFGGSTSYDADNRPLLVMHTDFWASGYDVDGTDQSSLGQFSGRVQQTFKHSVPRFFVPEHGVMMTLALIRFPPISPLEHHYLAGKSQLTYTDLAGDPALIGNLPPREISYRDLFRDGRSGIKIKVAESIWYRTHPDYVNFKYHDLHGFPFLDDAPGTSTGDNLQEAILVRHQDYDACFQSQQLLQWNKQARYNVSVYRHMPTVRDSIMTS
VIRUS,MYQNFVTKHDTAIQTSRFSVTGNVIPAAPTGNIPVINGGSITAERAVVNLYANMNVSTSSDGSFIVAMKVDTSPTDPNCVISAGVNLSFAGTSYPIVGIVRFESASEQPTSIAGSEVEHYPIEMSVGSGGVCSARDCATVDIHPRTSGNNVFVGVICSSAKWTSGRVIGTIATTQVIHEYQVLQPLK
VIRUS,MLRFVTKNSQDKSSDLFSICSDRGTFVAHNRVRTDFKFDNLVFNRVYGVSQKFTLVGNPTVCFNEGSSYLEGIAKKYLTLDGGLAIDNVLNELRSTCGIPGNAVASHAYNITSWRWYDNHVALLMNMLRAYHLQVLTEQGQYSAGDIPMYHDGHVKIKLPVTIDDTAGPTQFAWPSDRSTDSYPDWAQFSESFPSIDVPYLDVRPLTVTEVNFVLMMMSKWHRRTNLAIDYEAPQLADKFAYRHALTVQDADEWIEGDRTDDQFRPPSSKVMLSALRKYVNHNRLYNQFYTAAQLLAQIMMKPVPNCAEGYAWLMHDALVNIPKFGSIRGRYPFLLSGDAALIQATALEDWSAIMAKPELVFTYAMQVSVALNTGLYLRRVKKTGFGTTIDDSYEDGAFLQPETFVQAALACCTGQDAPLNGMSDVYVTYPDLLEFDAVTQVPITVIEPAGYNIVDDHLVVVGVPVACSPYMIFPVAAFDTANPYCGNFVIKAANKYLRKGAVYDKLEAWKLAWALRVAGYDTHFKVYGDTHGLTKFYADNGDTWTHIPEFVTDGDVMEVFVTAIERRARHFVELPRLNSPAFFRSVEVSTTIYDTHVQAGAHAVYHASRINLDYVKPVSTGIQVINAGELKNYWGSVRRTQQGLGVVGLTMPAVMPTGEPTAGAAHEELIEQADNVLVE
IMMUNE SYSTEM,HEGVHRKPSLLAHPGPLVKSEETVILQCWSDVRFEHFLLHREGKYKDTLHLIGEHHDGVSKANFSIGPMMQDLAGTYRCYGSVTHSPYQLSAPSDPLDIVITGLYEKPSLSAQPGPTVLAGESVTLSCSSRSSYDMYHLSREGEAHERRFSAGPKVNGTFQADFPLGPATHGGTYRCFGSFRDSPYEWSNSSDPLLVSVT
IMMUNE SYSTEM,SEHKAKYENVTKDIFDLRDYYSGASKELKNVTGYRYSKGGKHYLIFDKHQKFTRIQIFGKDIERLKTRKNPGLDIFVVKEAENRNGTVFSYGGVTKKNQGAYYDYLNAPKFVIKKEVDAGVYTHVKRHYIYKEEVSLKELDFKLRQYLIQNFDLYKKFPKDSKIKVIMKDGGYYTFELNKKLQPHRMSDVIDGRNIEKMEANIR
VIRUS,TFFKTVYRRYTNFAIESIQQTINGSVGFGNKVSTQISRNGDLITDIVVEFVLTKGGNGGTTYYPAEELLQDVELEIGGQRIDKHYNDWFRTYDALFRMNDDRYNYRRMTDWVNNELVGAQKRFYVPLIFFFNQTPGLALPLIALQYHEVKLYFTLASQVQGVNYNGSSAIAGAAQPTMSVWVDYIFLDTQERTRFAQLPHEYLIEQLQFTGSETATPSATTQAAQNIRLNFNHPTKYLAWNFNNPTNYGQYTALANIPGACSGAGTAAATVTTPDYGNTGTYNEQLAVLDSAKIQLNGQDRFATRKGSYFNKVQPYQSIGGVTPAGVYLYSFALKPAGRQPSGTCNFSRIDNATLSLTYKTCSIDATSPAAVLGNTETVTANTATLLTALNIYAKNYNVLRIMSGMGGLAYAN
IMMUNE SYSTEM,GSHSMRYFYTAMSRPGRGEPRFITVGYVDDTLFVRFDSDATSPRKEPRAPWIEQEGPEYWDRETQISKTNTQTYRENLRTALRYYNQSEAGSHIIQRMYGCDVGPDGRLLRGYDQDAYDGKDYIALNEDLSSWTAADTAAQITQRKWEAARVAEQDRAYLEGLCVESLRRYLENGKETLQRADPPKTHVTHHPISDHEVTLRCWALGFYPAEITLTWQRDGEDQTQDTELVETRPAGDRTFQKWAAVVVPSGEEQRYTCHVQHEGLPKPLTLRWEP
IMMUNE SYSTEM,EEFGRAFSF
IMMUNE SYSTEM,DVVLTQTPLSLPVRLGDQASISCRSSQSLLHSDGNTYLHWYLQKPGQSPKLLIYKVSNRFSGVPDRFSGSGSGTDFTLKISRVEAEDLGVYFCSQTTHVPTFGGGTKLEIKRADAAPTVSIFPPSSEQLTSGGASVVCFLNNFYPKDINVKWKIDGSERQNGVLNSWTDQDSKDSTYSMSSTLTLTKDEYERHNSYTCEATHKTSTSPIVKSFNR
IMMUNE SYSTEM,EVKVEESGGGLVQPGGSMKLSCVASGFTFSNYWMEWVRQSPEKGLEWVAEIRLKSNNYATHYAESVKGRFTISRDDSKSSVYLQMNNLRAEDTGIYYCTRGGAVGAMDYWGQGTSVTVSSATTTAPSVYPLVPGCSDTSGSSVTLGCLVKGYFPEPVTVKWNYGALSSGVRTVSSVLQSGFYSLSSLVTVPSSTWPSQTVICNVAHPASKVDLIKEPSGP
IMMUNE SYSTEM,PSALTQPPSASGSLGQSVTISCTGTSSDVGGYNYVSWYQQHAGKAPKVIIYEVNKRPSGVPDRFSGSKSGNTASLTVSGLQAEDEADYYCSSYEGSDNFVFGTGTKVTVLGQPKANPTVTLFPPSSEELQANKATLVCLISDFYPGAVTVAWKADGSPVKAGVETTKPSKQSNNKYAASSYLSLTPEQWKSHRSYSCQVTHEGSTVEKTVAPTECS
IMMUNE SYSTEM,XQFHPX
IMMUNE SYSTEM,XFHP
IMMUNE SYSTEM,XHP
IMMUNE SYSTEM,XHPX
IMMUNE SYSTEM,VLSGALCFRMKDSALKVLYLHNNQLLAGGLHAEKVIKGEEISVVPNRALDASLSPVILGVQGGSQCLSCGTEKGPILKLEPVNIMELYLGAKESKSFTFYRRDMGLTSSFESAAYPGWFLCTSPEADQPVRLTQIPEDPAWDAPITDFYFQQCD
VIRUS,GVENAEKGVTENTDATADFVAQPVYLPENQTKVAFFYDRSSPIGRFAVKSGSLESGFAPFSNKACPNSVILTPGPQFDPAYDQLRPQRLTEIWGNGNEETSEVFPLKTKQDYSFCLFSPFVYYKCDLEVTLSPHTSGAHGLLVRWCPTGTPTKPTTQVLHEVSSLSEGRTPQVYSAGPGTSNQISFVVPYNSPLSVLPAVWYNGHKRFDNTGDLGIAPNSDFGTLFFAGTKPDIKFTVYLRYKNMRVFCPRPTVFFPWPTSGDKIDMTPRAGVL
VIRUS,DQNTEEMENLSDRVSQDTAGNTVTNTQSTVGRLVGYGTVHDGEHPASCADTASEKILAVERYYTFKVNDWTSTQKPFEYIRIPLPHVLSGEDGGVFGATLRRHYLVKTGWRVQVQCNASQFHAGSLLVFMAPEYPTLDVFAMDNRWSKDNLPNGTRTQTNRKGPFAMDHQNFWQWTLYPHQFLNLRTNTTVDLEVPYVNIAPTSSWTQHASWTLVIAVVAPLTYSTGASTSLDITASIQPVRPVFNGLRHEVLSRQ
VIRUS,SPIPVTIREHAGTWYSTLPDSTVPIYGKTPVAPANYMVGEYKDFLEIAQIPTFIGNKMPNAVPYIEASNTAVKTQPLAVYQVTLSCSCLANTFLAALSRNFAQYRGSLVYTFVFTGTAMMKGKFLIAYTPPGAGKPTSRDQAMQATYAIWDLGLNSSYSFTVPFISPTHFRMVGTDQANITNVDGWVTVWQLTPLTYPPGCPTSAKILTMVSAGKDFSLKMPISPAPWSPQ
VIRUS,GNSTSSDKNNSSSEGNEGVIINNFYSNQYQNSIDLSANATGSDPPKTYGQFSNLLSGAVNAFSNMLPLLA
IMMUNE SYSTEM,QVQLQQSDAELVKPGASVKISCKASGYTFTDHAIHWVKQKPEQGLEWIGYISPGNGDIKYNEKFKGKATLTADKSSSTAYMQLNSLTSEDSAVYFCKMEYLDYWGQGTTLTVSSGGTTPPSVYPLAPGSAAQAATNSVTLGCLVKGYFPEPVTVTWNSGSLSSGVHTFPAVLQSDLYTLSSSVTVPSSTWPSQSVTCNVAHPASSTAVDKKIAPA
IMMUNE SYSTEM,DIVMTQSQKFMSTSLGNRVSVTCKASQNVGTNVAWFQQKPGQSPKTLIYSASYRYSGVPDRFTGSGSGTDFTLTINNVQSEDLAEYFCQQYNSYPYTFGGGTKLEIKRADAAPTVSIFPPSSEQLTGGGASVVCFLNNFYPKDINVKWKIDGSERQNGVLNSWTDQDSKDSTYSMSSTLTLTKDEYERHNSYTCEATHKTSTSPIVKSFNRNE
IMMUNE SYSTEM,DIVMTQAAPSVSVTPGESVSISCRSSKSLLHSNGNTYLYWFLQRPGQSPQLLIYRMSNLASGVPDRFSGSGSGTAFTLRISRVEAEDVGVYYCLQHLEYPFTFGAGTKLELKRADAAPTVSIFPPSSEQLTSGGASVVCFLNNFYPKDINVKWKIDGSERQNGVLNSWTDQDSKDSTYSMSSTLTLTKDEYERHNSYTCEATHKTSTSPIVKSFNRNEC
IMMUNE SYSTEM,QVQLQQPGAELVKPGASVKLSCKASGYTFTSNWINWVKQRPGQGLEWIGNIYPDSYRTNYNEKFKRKATLTVDTSSSTAYMQLSSLTSDDSAVYYCVRKHYSYDGVVYWGQGTLVTVSAAKTTAPSVYPLAPVCGDTSGSSVTLGCLVKGYFPEPVTLTWNSGSLSSGVHTFPAVLQSDLYTLSSSVTVTSSTWPSQSITCNVAHPASSTKVDKKIEPRGPTIKPCPPCK
IMMUNE SYSTEM,DIVMSQSPSSLAVSAGEKVTMSCKSSQSLLNSRTRKNYLAWYQQKPGQSPKVLIYWASTRESGVPDRFTGRGSGTDFTLTISSVQAEDQAVYYCKQAYIPPLTFGAGTKLELKRADAAPTVSIFPPSSEQLTSGGASVVCFLNNFYPKDINVKWKIDGSERQNGVLNSWTDQDSKDSTYSMSSTLTLTKDEYERHNSYTCEATHKTSTSPIVKSFNRNEX
IMMUNE SYSTEM,QIQLVQSGPELKKPGETVKISCKASGYTFTDFSMHWVNQAPGKGLNWMGWVNTETGEPTYADDFKGRFAFSLETSASTAYLQINSLKNEDTATYFCARFLLRQYFDVWGAGTTVTVSSAKTTPPSVYPLAPGSAAQTNSMVTLGCLVKGYFPEPVTVTWNSGSLSSGVHTFPAVLQSDLYTLSSSVTVPSSTWPSETVTCNVAHPASSTKVDKKIVP
IMMUNE SYSTEM,EVTIKVNLIFADGKIQTAEFKGTFEEATAEAYRYAALLAKVNGEWTADLEDGGNHMNIKFAGK
IMMUNE SYSTEM,TQLDIVIVLDGSNSIYPWESVIAFLNDLLKRMDIGPKQTQVGIVQYGENVTHEFNLNKYSSTEEVLVAANKIVQRGGRQTMTALGIDTARKEAFTEARGARRGVKKVMVIVTDGESHDNYRLKQVIQDCEDENIQRFSIAILGHYNRGNLSTEKFVEEIKSIASEPTEKHFFNVSDELALVTIVKALGERIF
IMMUNE SYSTEM,EVQLVESGGGLVQPGGSLRLSCAASGFTFSRYTMSWVRQAPGKGLEWVATISGGGHTYYLDSVKGRFTISRDNSKNTLYLQMNSLRAEDTAVYYCTRGFGDGGYFDVWGQGTLVTVSSASTKGPSVFPLAPSSKSTSGGTAALGCLVKDYFPEPVTVSWNSGALTSGVHTFPAVLQSSGLYSLSSVVTVPSSSLGTQTYICNVNHKPSNTKVDKKVEPK
IMMUNE SYSTEM,IQLTQSPSSLSASVGDRVTITCSASSSVNHMFWYQQKPGKAPKPWIYLTSNLASGVPSRFSGSGSGTDYTLTISSLQPEDFATYYCQQWSGNPWTFGQGTKVEIKRTVAAPSVFIFPPSDEQLKSGTASVVCLLNNFYPREAKVQWKVDNALQSGNSQESVTEQDSKDSTYSLSSTLTLSKADYEKHKVYACEVTHQGLSSPVTKSFNRGEC
IMMUNE SYSTEM,MHHHHHHAMDTYKLFIVIGDRVVVVTTEAVDAATAEKVFKQYANDNGVDGEWTYDDAAKTFTVTE
IMMUNE SYSTEM,MHHHHHHAMDTYKLVIVLNGTTFTYTTEAVDAATAEKVFKQYANDNGVDGEWTYADATKTFTVTE
IMMUNE SYSTEM,KTTQPNSMESNEEEPVHLPCNHSTISGTDYIHWYRQLPSQGPEYVIHGLTSNVNNRMASLAIAEDRKSSTLILHRATLRDAAVYYCILPLAGGTSYGKLTFGQGTILTVHPNIQNPDPAVYQLRDSKSSDKSVCLFTDFDSQTNVSQSKDSDVYITDKTVLDMRSMDFKSNSAVAWSNKSDFACANAFNNSIIPEDTFFPS
IMMUNE SYSTEM,GVSQSPRYKVAKRGQDVALRCDPISGHVSLFWYQQALGQGPEFLTYFQNEAQLDKSGLPSDRFFAERPEGSVSTLKIQRTQQEDSAVYLCASSLGQAYEQYFGPGTRLTVTEDLKNVFPPEVAVFEPSEAEISHTQKATLVCLATGFYPDHVELSWWVNGKEVHSGVSTDPQPLKEQPALNDSRYALSSRLRVSATFWQNPRNHFRCQVQFYGLSENDEWTQDRAKPVTQIVSAEAWGRAD
IMMUNE SYSTEM,QVQLQQPGAELVKPGASVKLSCKASGYTFTSSWINWVKQRPGQGLEWIGNVYPGSSSTNYNEKFKNKATLTVDTSSSTAYMQLSSLTSDDSAFYYCVRKDYSWFPYWGQGTLVTVSAAKTTAPSVYPLAPVCGDTSGSSVTLGCLVKGYFPEPVTLTWNSGSLSSGVHTFPAVLQSDLYTLSSSVTVTSSTWPSQSITCNVAHPASSTKVDKKIEPRGPTIKPCPPCK
IMMUNE SYSTEM,EIVMTQAAPSVPVTPGESVSISCRSSKSLLHSNGNTYLNWFLQRPGQSPQLLIYRMSNLASGVPDRFSGSGSETAFTLRTSRVEAEDVGVYYCMQHLEYPFTFGSGTKLELKRADAAPTVSIFPPSSEQLTSGGASVVCFLNNFYPKDINVKWKIDGSERQNGVLNSWTDQDSKDSTYSMSSTLTLTKDEYERHNSYTCEATHKTSTSPIVKSFNRNEC
IMMUNE SYSTEM,QVQLQQPGAELVKPGASVKLSCKASGYTFTSNWINWVKQRPGQGLEWIGNIYPGSGYTNYNERFKSKATLTVDTSSSTAYMQLSSLTSDDSAVYYCARKHYFYDGVVYWGQGTLVTVSAAKTTAPSVYPLAPVCGDTSGSSVTLGCLVKGYFPEPVTLTWNSGSLSSGVHTFPAVLQSDLYTLSSSVTVTSSTWPSQSITCNVAHPASSTKVDKKIEPRGPTIKPCPPCK
IMMUNE SYSTEM,EIVMTQAAPSVPVTPGESVSISCRSSKSLLHSNGNTYLYWFLQRPGQSPQLLIYRMSNLASGVPDRFSGSGSGTAFTLRISRVEAEDVGVYYCLQHLEYPFTFGAGTKLELKRADAAPTVSIFPPSSEQLTSGGASVVCFLNNFYPKDINVKWKIDGSERQNGVLNSWTDQDSKDSTYSMSSTLTLTKDEYERHNSYTCEATHKTSTSPIVKSFNRNEC
IMMUNE SYSTEM,DIVMTQAAPSVPVTPGESVSISCRSSKSLLHSNGNTYLYWFLQRPGQSPQLLIYRMSNLASGVPDRFSGSGSGTAFTLRISRVEAEDVGVYYCLQHLEYPFTFGAGTKLELKRADAAPTVSIFPPSSEQLTSGGASVVCFLNNFYPKDINVKWKIDGSERQNGVLNSWTDQDSKDSTYSMSSTLTLTKDEYERHNSYTCEATHKTSTSPIVKSFNRNEC
IMMUNE SYSTEM,EVQLQQPGAELVKPGASVKLSCKASGYTFTNYWINWVKQRPGQGLEWIGNIYPGSSYTHYNEKFKNKATLTVDTSSSTAYMQLSSLTSDDSAVYYCANKLGWFPYWGQGTLVTVSAAKTTAPSVYPLAPVCGDTSGSSVTLGCLVKGYFPEPVTLTWNSGSLSSGVHTFPAVLQSDLYTLSSSVTVTSSTWPSQSITCNVAHPASSTKVDKKIEPRGPTIKPCPPCK
IMMUNE SYSTEM,GNVDLVFLFDGSMSLQPDEFQKILDFMKDVMKKCSNTSYQFAAVQFSTSYKTEFDFSDYVKRKDPDALLKHVKHMLLLTNTFGAINYVATEVFREELGARPDATKVLIIITDGEATDSGNIDAAKDIIRYIIGIGKHFQTKESQETLHKFASKPASEFVKILDTFEKLKDLCTELQKKI
IMMUNE SYSTEM,LTLGLAPALSTHSSGVSTQSVDLSQIKRGDEIQAHCLTPAETEVTECAGILKDVLSKNLHELQGLCNVKNKMGVPWVSVEELGQEIITGRLPFPSVGGTPVNDLVRVLVVAESNTPEETPEEEFYAYVELQTELYTFGLSDDNVVFTSDYMTVWMIDIPKSYVDVGMLTRATFLEQWPGAKVTVMIPYSSTFTWCGELGAISEESAPQPSLSARSPVCKNSARYSTSKFCEVDGCTAETGMEKMSLLTPFGGPPQQAKMNTCPCYYKYSVSPLPAMDHLILADLAGLDSLTSPVYVMAAYFDSTHENPVRPSSKLYHCALQMTSHDGVWTSTSSEQCPIRLVEGQSQNVLQVRVAPTSMPNLVGVSLMLEGQQYRLEYFGDH
IMMUNE SYSTEM,QPDAINAAVTCCYNFTNRKISVQRLASYRRITSSKCPKEAVIFKTIVAKEICADPKQKWVQDSIDHLDKQTQTPKT
IMMUNE SYSTEM,DIELTQSPATLSVTPGDSVSLSCRASQSISNNLHWYQQKSHESPRLLIKYVSQSSSGIPSRFSGSGSGTDFTLSINSVETEDFGMYFCQQSNSWPRTFGGGTKLEIKRADAAPTVSIFPPSSEQLTSGGASVVCFLNNFYPKDINVKWKIDGSERQNGVLNSWTDQDSKDSTYSMSSTLTLTKDEYERHNSYTCEATHKTSTSPIVKSFNRNEC
IMMUNE SYSTEM,QVQLQESGAEVMKPGASVKISCKATGYTFSTYWIEWVKQRPGHGLEWIGEILPGSGSTYYNEKFKGKATFTADTSSNTAYMQLSSLTSEDSAVYYCARGDGNYGYWGQGTTLTVSSASTTPPSVFPLAPGSAAQTNSMVTLGCLVKGYFPEPVTVTWNSGSLSSGVHTFPAVLQSDLYTLSSSVTVPSSPRPSETVTCNVAHPASSTKVDKKIVPRDC
IMMUNE SYSTEM,EVNLQQSGTVLARPGASVRMSCKASGYSFTSYWLHWIKQRPGQGLEWIGGIYPGNRDTRYTQRFKDKAKLTAVTSANTAYMELSSLTNEDSAVYYCSIIYFDYADFIMDYWGQGTTVTVSSAKTTAPSVYPLAPVCGDTTGSSVTLGCLVKGYFPEPVTLTWNSGSLSSGVHTFPAVLQSDLYTLSSSVTVTSSTWPSQSITCNVAHPASSTKVDKKIEPRGPTI
IMMUNE SYSTEM,DIVMTQTPLSLPVSLGDKASISCRSSQALVHSNGNTYLHWYLQKPGQSPKLLIYKVSNRFSGVPDRFSGSGSGTDFTLKISRVEAEDLGVFFCSQSTHVPRTFGGGTKLEIKRADAAPTVSIFPPSSEQLTSGGASVVCFLNNFYPKDINVKWKIDGSERQNGVLNSWTDQDSKDSTYSMSSTLTLTKDEYERHNSYTCEATHKTSTSPIVKSFNRNEC
IMMUNE SYSTEM,DIVLTQSPASLAVSLGQRATMSCRAGESVDIFGVGFLHWYQQKPGQPPKLLIYRASNLESGIPVRFSGTGSRTDFTLIIDPVEADDVATYYCQQTNEDPYTFGGGTKLEIKGGGSGGGGEVQLQQSGAELVEPGASVKLSCTASGFNIKDTYMHWVKQRPEQGLEWIGRIDPANGNSKYVPKFQGKATITADTSSNTAYLQLTSLTSEDTAVYYCAPFGYYVSDYAMAYWGQGTSVTVSS
IMMUNE SYSTEM,MNSLFNQEVQIPLTESYCGPCPKNWICYKNNCYQFFDESKNWYESQASCMSQNASLLKVYSKEDQDLLKLVKSYHWMGLVHIPTNGSWQWEDGSILSPNLLTIIEMQKGDCALYASSFKGYIENCSTPNTYICMQRTV
IMMUNE SYSTEM,QTSVSPSKVILPRGGSVLVTCSTSCDQPKLLGIETPLPKKELLLPGNNRKVYELSNVQEDSQPMCYSNCPDGQSTAKTFLTVYWTPERVELAPLPSWQPVGKNLTLRCQVEGGAPRANLTVVLLRGEKELKREPAVGEPAEVTTTVLVRRDHHGANFSCRTELDLRPQGLELFENTSAPYQLQTFVLPATPPQLVSPRVLEVDTQGTVVCSLDGLFPVSEAQVHLALGDQRLNPTVTYGNDSFSAKASVSVTAEDEGTQRLTCAVILGNQSQETLQTVTIYSFPAPNVILT
IMMUNE SYSTEM,VDLVFLFDGSMSLQPDEFQKILDFMKDVMKKCSNTSYQFAAVQFSTSYKTEFDFSDYVKRKDPDALLKHVKHMLLLTNTFGAINYVATEVFREELGARPDATKVLIIITDGEATDSGNIDAAKDIIRYIIGIGKHFQTKESQETLHKFASKPASEFVKILDTFEKLKDLCTELQKKI
IMMUNE SYSTEM,MGNVDLVFLFDGSMSLQPDEFQKILDFMKDVMKKLSNTSYQFAAVQFSTSYKTEFDFSDYVKRKDPDALLKHVKHMLLLTNTFGAINYVATEVFREELGARPDATKVLIIITDGEATDSGNIDAAKDIIRYIIGIGKHFQTKESQETLHKFASKPASEFVCILDTFECLKDLFTELQKKI
IMMUNE SYSTEM,EVKLQESGGDLVQPGGSLKLSCAASGFTFSSYTMSWVRQTPEKRLEWVASINNGGGRTYYPDTVKGRFTISRDNAKNTLYLQMSSLKSEDTAMYYCVRHEYYYAMDYWGQGTTVTVSSAWRHPQFGG
IMMUNE SYSTEM,DIELTQTPVSLSASVGETVTITCRASENIYSYLAWYQQKQGKSPQFLVYNAKTLGEGVPSRFSGSGSGTQFSLKINSLLPEDFGSYYCQHHYGTPPLTFGGGTKLEIKREQKLISEEDLM
VIRUS,GPPGGVTEGIIARVADTVGSGPVNSESIPALTAAETGHTSQVVPSDTMQTRHVKNYHSRSESTVENFLCRSACVFYTTYKNHDSDGDNFAYWVINARQVAQLRRKLEMFTYARFDLELTFVITSTQEQSTTQGQDTPVLTHQIMYVPPGGPVPTKVNSYSWQTSTNPSVFWTEGNAPPRMSIPFIGIGNAYSMFYDGWARFDKQGTYGISTLNSMGTLYMRHVNGGGPGPIVSTVRIYFKPKHVKTWVPRPPRLCQYKKAGNVNFIPTSVTEGRTDITTMKTT
VIRUS,SPSAEECGYSDRVRSITLGNSTITTQECANVVVGYGVWPAYLKDEEATAEDQPTQPDVATCRFYTLESVMWQQGSPGWWWKFPDALSNMGLFGQNMQYHYLGRAGYTIHVQCNASKFHQGCLLVVCVPEAEMGCATLANKPDPKSLSKGEIASTFESQNSTGETAVQANVINAGMGVGVGNLTIFPHQWINLRTNNSATIVMPYINSVPMDNMFRHNNFTLMVIPFAPLSYSAGATTYVPITVTVAPMCAEYNGLRLAGKQ
VIRUS,GLPTLATPGSNQFLTSDDFQSPSAMPQFDVTPEMDIPGQVNNLMEIAEVDSVVPVNNTEGKEMSIEAYQIPVQSNPTNGSQVFGFPLTPGASSVLNRTLLGEILNYYAHWSGSIKLTFMFCGSAMATGKFLLAYSPPGAGAPTTRKEAMLGTHVIWDVGLQSSCVLCIPWISQTHYRYVVMDEYTAGGYITCWYQTNIVVPADAQSDCKILCFVSACNDFSVRMLKDTPFIKQDNFFQ
VIRUS,GAQVSTQKTGAHETSLNAAGNSVIHYTNINYYKDAASNSANRQDFTQDPGKFTEPVKDIMVKSMPALN
VIRUS,ASNFTQFVLVDNGGTGDVTVAPSNFANGVAEWISSNSRSQAYKVTCSVRQSSAQNRKYTIKVEVPKVATQTVGGVDLPVAAWRSYLNMELTIPIFATNSDCELIVKAMQGLLKDGNPIPSAIAANSGIY
IMMUNE SYSTEM,EDDIEADHVGTYGISVYQSPGDIGQYTFEFDGDELFYVDLDKKETVWMLPEFGQLASFDPQGGLQNIAVVKHNLGVLTKRSNSTPATNEAPQATVFPKSPVLLGQPNTLICFVDNIFPPVINITWLRNSKSVADGVYETSFFVNRDYSFHKLSYLTFIPSDDDIYDCKVEHWGLEEPVLKHWSSADLVPR
IMMUNE SYSTEM,GDSERHFVYQFMGECYFTNGTQRIRYVTRYIYNREEYVRYDSDVGEHRAVTELGRPDAEYWNSQPEILERTRAELDTVCRHNYEGPETHTSLRRLEQPNVVISLSRTEALNHHNTLVCSVTDFYPAKIKVRWFRNGQEETVGVSSTQLIRNGDWTFQVLVMLEMTPRRGEVYTCHVEHPSLKSPITVEWSSAELVPR
IMMUNE SYSTEM,GSHSRGLPKPPKPVSKMRMATPLLMQALPMGSGSGS
VIRUS,ASNFTQFVLVDNGGTGDVTVAPSNFANGVAEWISSNSRSQAYKVACSVRQSSAQNRKYTIKVEVPKVATQTVGGVELPVAAWRSYLNMELTIPIFATNSDCELIVKAMQGLLKDGNPIPSAIAANSGIY
VIRUS,ASNFTQFVLVDNGGTGDVTVAPSNFANGVAEWISSNSRSQAYKVTCSVRQSSAQNRKYSIKVEVPKVATQTVGGVELPVAAWRSYLNMELTIPIFATNSDCELIVKAMQGLLKDGNPIPSAIAANSGIY
IMMUNE SYSTEM,QVQLVESGGGSVQAGGSLRLSCAASGFTYSRKYMGWFRQAPGKEREGVAAIFIDNGNTIYADSVQGRFTISQDNAKNTVYLQMNSLKPEDTAMYYCAASSRWMDYSALTAKAYNSWGQGTQVTVSSRGRHHHHHH
IMMUNE SYSTEM,MIHSSVKRWGNSPAVRIPATLMQALNLNIDDEVKIDLVDGKLIIEPVRKEPVFTLAELVNDITPENLHENIDWGEPKDKEVW
IMMUNE SYSTEM,DIVMTQSPSSLTVTAGEKVTMSCKSSQSLLNSGNQKNYLTWYQQKPGQPPKLLIYWASTRESGVPDRFTGSGSGTDFTLTISSVQAEDLAVYYCQNDYSYPLTFGAGTKLEPKR
